約定日,受渡日,ファンド名,分配金,口座,取引,買付方法,数量［口］,単価,経費,為替レート,受付金額[現地通貨],受渡金額/(ポイント利用)[円],決済通貨
"2024/1/30","2024/2/2","iFreeNEXT NASDAQ100インデックス","再投資型","NISAつみたて投資枠","買付","積立","32,432","30,834","0","-","-","100,000(94)","円"
"2024/3/11","2024/3/14","iFreeNEXT NASDAQ100インデックス","受取型","NISAつみたて投資枠","買付","積立","15,884","31,478","0","-","-","50,000","円"
"2024/5/9","2024/5/14","iFreeNEXT NASDAQ100インデックス","再投資型","NISAつみたて投資枠","買付","積立","14,932","33,487","0","-","-","50,000(145)","円"
"2024/6/11","2024/6/14","楽天・Ｓ＆Ｐ５００インデックス・ファンド(楽天・Ｓ＆Ｐ５００)","再投資型","NISAつみたて投資枠","買付","積立","74,025","13,509","0","-","-","100,000","円"
"2024/7/9","2024/7/12","楽天・Ｓ＆Ｐ５００インデックス・ファンド(楽天・Ｓ＆Ｐ５００)","再投資型","NISAつみたて投資枠","買付","積立","69,565","14,375","0","-","-","100,000","円"
"2024/8/9","2024/8/15","楽天・Ｓ＆Ｐ５００インデックス・ファンド(楽天・Ｓ＆Ｐ５００)","再投資型","NISAつみたて投資枠","買付","積立","79,390","12,596","0","-","-","100,000","円"
"2024/11/14","2024/11/20","auAM Nifty50インド株ファンド","再投資型","NISA成長投資枠","買付","通常","81,633","12,250","0","-","-","100,000(1,944)","円"
"2024/11/15","2024/11/21","auAM Nifty50インド株ファンド","再投資型","NISA成長投資枠","買付","通常","162,298","12,323","0","-","-","200,000","円"
"2024/12/30","2025/1/9","auAM Nifty50インド株ファンド","再投資型","NISA成長投資枠","買付","通常","81,143","12,324","0","-","-","100,000(74)","円"
"2025/8/19","2025/8/22","iFreeNEXT NASDAQ100インデックス","受取型","NISAつみたて投資枠","解約","","15,884","41,791","0","-","-","66,381","円"
"2025/8/19","2025/8/22","iFreeNEXT NASDAQ100インデックス","再投資型","NISAつみたて投資枠","解約","","47,364","41,791","0","-","-","197,939","円"
"2026/1/8","2026/1/14","楽天・プラス・Ｓ＆Ｐ５００インデックス・ファンド(楽天・プラス・Ｓ＆Ｐ５００)","再投資型","NISAつみたて投資枠","買付","積立","28,298","17,669","0","-","-","50,000(8)","円"
"2026/1/19","2026/1/22","楽天・プラス・Ｓ＆Ｐ５００インデックス・ファンド(楽天・プラス・Ｓ＆Ｐ５００)","再投資型","NISAつみたて投資枠","買付","積立","56,177","17,801","0","-","-","100,000(8)","円"
"2026/1/22","2026/1/28","auAM Nifty50インド株ファンド","再投資型","NISA成長投資枠","買付","通常","83,250","12,012","0","-","-","100,000","円"
"2026/3/10","2026/3/13","楽天・プラス・Ｓ＆Ｐ５００インデックス・ファンド(楽天・プラス・Ｓ＆Ｐ５００)","再投資型","NISAつみたて投資枠","買付","積立","57,222","17,476","0","-","-","100,000","円"
"2026/3/12","2026/3/18","auAM Nifty50インド株ファンド","再投資型","NISA成長投資枠","買付","通常","131,776","11,383","0","-","-","150,000(15)","円"
"2026/4/9","2026/4/14","楽天・プラス・Ｓ＆Ｐ５００インデックス・ファンド(楽天・プラス・Ｓ＆Ｐ５００)","再投資型","NISAつみたて投資枠","買付","積立","28,429","17,588","0","-","-","50,000","円"
"2026/7/9","2026/7/14","楽天・プラス・Ｓ＆Ｐ５００インデックス・ファンド(楽天・プラス・Ｓ＆Ｐ５００)","再投資型","NISAつみたて投資枠","買付","積立","50,274","19,891","0","-","-","100,000(15)","円"
